{"cameraMode":{"drawMode":0,"name":"Shaded","section":"Shading Mode"},"sceneLighting":true,"audioPlay":false,"sceneViewState":{"showFog":true,"showMaterialUpdate":false,"showSkybox":true,"showFlares":true,"showImageEffects":true,"showParticleSystems":true},"in2DMode":false,"pivot":{"x":26.61190414428711,"y":5.573810577392578,"z":19.468517303466798},"rotation":{"x":0.28901007771492007,"y":0.511556088924408,"z":-0.18783220648765565,"w":0.7871073484420776},"size":49.036033630371097,"orthographic":false}