{"cameraMode":{"drawMode":0,"name":"Shaded","section":"Shading Mode"},"sceneLighting":true,"audioPlay":false,"sceneViewState":{"showFog":true,"showMaterialUpdate":false,"showSkybox":true,"showFlares":true,"showImageEffects":true,"showParticleSystems":true},"in2DMode":false,"pivot":{"x":0.5392113924026489,"y":12.501498222351075,"z":-40.82790756225586},"rotation":{"x":0.2550019919872284,"y":0.002207198878750205,"z":-0.0005794164026156068,"w":0.9669612646102905},"size":13.262835502624512,"orthographic":false}