{"cameraMode":{"drawMode":0,"name":"Shaded","section":"Shading Mode"},"sceneLighting":true,"audioPlay":false,"sceneViewState":{"showFog":true,"showMaterialUpdate":false,"showSkybox":true,"showFlares":true,"showImageEffects":true,"showParticleSystems":true},"in2DMode":false,"pivot":{"x":-0.20903056859970094,"y":16.189062118530275,"z":-45.61514663696289},"rotation":{"x":-0.05820289999246597,"y":-0.6873942613601685,"z":0.055343858897686008,"w":-0.7219222784042358},"size":3.8958282470703127,"orthographic":false}